{"cameraMode":{"drawMode":0,"name":"Shaded","section":"Shading Mode"},"sceneLighting":false,"audioPlay":false,"sceneViewState":{"m_AlwaysRefresh":false,"showFog":true,"showSkybox":false,"showFlares":true,"showImageEffects":true,"showParticleSystems":true,"showVisualEffectGraphs":true,"m_FxEnabled":true},"in2DMode":false,"pivot":{"x":4.170000076293945,"y":1.3899999856948853,"z":-4.659999847412109},"rotation":{"x":0.12695972621440888,"y":0.3820575773715973,"z":-0.052967507392168048,"w":0.9138773083686829},"size":1.0152277946472169,"orthographic":false}