{"cameraMode":{"drawMode":0,"name":"Shaded","section":"Shading Mode"},"sceneLighting":false,"audioPlay":false,"sceneViewState":{"m_AlwaysRefresh":false,"showFog":true,"showSkybox":false,"showFlares":true,"showImageEffects":true,"showParticleSystems":true,"showVisualEffectGraphs":true,"m_FxEnabled":true},"in2DMode":false,"pivot":{"x":3.1070001125335695,"y":2.2019999027252199,"z":1.5399999618530274},"rotation":{"x":0.02458290383219719,"y":-0.9744856953620911,"z":0.17733921110630036,"w":0.13561584055423737},"size":1.0299038887023926,"orthographic":false}